{
	"info": {
		"_postman_id": "e9a04581-5e3e-42d7-8c81-73748668f795",
		"name": "Startup",
		"schema": "https://schema.getpostman.com/json/collection/v2.1.0/collection.json"
	},
	"item": [
		{
			"name": "Users",
			"item": [
				{
					"name": "Admin",
					"item": [
						{
							"name": "Ban User",
							"request": {
								"method": "PUT",
								"header": [],
								"body": {
									"mode": "raw",
									"raw": "{\r\n    \"userId\": \"62c1656fb382007f06739fcd\"\r\n}",
									"options": {
										"raw": {
											"language": "json"
										}
									}
								},
								"url": {
									"raw": "localhost:3000/api/users/admin/banUser/62c1d3e3bd004a706f036e78",
									"host": [
										"localhost"
									],
									"port": "3000",
									"path": [
										"api",
										"users",
										"admin",
										"banUser",
										"62c1d3e3bd004a706f036e78"
									]
								}
							},
							"response": []
						},
						{
							"name": "Get Users",
							"request": {
								"method": "GET",
								"header": [],
								"url": {
									"raw": "localhost:3000/api/users/admin/getUsers",
									"host": [
										"localhost"
									],
									"port": "3000",
									"path": [
										"api",
										"users",
										"admin",
										"getUsers"
									]
								}
							},
							"response": []
						}
					]
				},
				{
					"name": "Public",
					"item": [
						{
							"name": "Register",
							"request": {
								"method": "POST",
								"header": [],
								"body": {
									"mode": "raw",
									"raw": "{\r\n    \"user\": {\r\n        \"username\": \"admin2\",\r\n        \"email\": \"admin2@gmail.com\",\r\n        \"password\": \"declspec\"\r\n    }\r\n}",
									"options": {
										"raw": {
											"language": "json"
										}
									}
								},
								"url": {
									"raw": "localhost:3000/api/users/register",
									"host": [
										"localhost"
									],
									"port": "3000",
									"path": [
										"api",
										"users",
										"register"
									]
								}
							},
							"response": []
						},
						{
							"name": "Login",
							"request": {
								"method": "POST",
								"header": [],
								"body": {
									"mode": "raw",
									"raw": "{\r\n    \"username\": \"admin2\",\r\n    \"password\": \"declspec\"\r\n}",
									"options": {
										"raw": {
											"language": "json"
										}
									}
								},
								"url": {
									"raw": "localhost:3000/api/users/login",
									"host": [
										"localhost"
									],
									"port": "3000",
									"path": [
										"api",
										"users",
										"login"
									]
								}
							},
							"response": []
						}
					]
				},
				{
					"name": "User",
					"item": [
						{
							"name": "Verify Token",
							"request": {
								"method": "POST",
								"header": [],
								"url": {
									"raw": "localhost:3000/api/users/user/verifyToken",
									"host": [
										"localhost"
									],
									"port": "3000",
									"path": [
										"api",
										"users",
										"user",
										"verifyToken"
									]
								}
							},
							"response": []
						},
						{
							"name": "Get My Account",
							"request": {
								"method": "GET",
								"header": [],
								"url": {
									"raw": "localhost:3000/api/users/user/getAccount",
									"host": [
										"localhost"
									],
									"port": "3000",
									"path": [
										"api",
										"users",
										"user",
										"getAccount"
									]
								}
							},
							"response": []
						}
					]
				}
			]
		},
		{
			"name": "Startups",
			"item": [
				{
					"name": "Admin",
					"item": [
						{
							"name": "Set Startup Status",
							"request": {
								"method": "PUT",
								"header": [],
								"body": {
									"mode": "raw",
									"raw": "{\r\n    \"status\": 0\r\n}",
									"options": {
										"raw": {
											"language": "json"
										}
									}
								},
								"url": {
									"raw": "localhost:3000/api/startups/admin/setStartupStatus/62c1b491448d2c7e63601bce",
									"host": [
										"localhost"
									],
									"port": "3000",
									"path": [
										"api",
										"startups",
										"admin",
										"setStartupStatus",
										"62c1b491448d2c7e63601bce"
									]
								}
							},
							"response": []
						},
						{
							"name": "Get Pending Startups",
							"request": {
								"method": "GET",
								"header": [],
								"url": {
									"raw": "localhost:3000/api/startups/admin/getPendingStartups",
									"host": [
										"localhost"
									],
									"port": "3000",
									"path": [
										"api",
										"startups",
										"admin",
										"getPendingStartups"
									]
								}
							},
							"response": []
						},
						{
							"name": "Update Startup",
							"request": {
								"method": "PUT",
								"header": [],
								"body": {
									"mode": "raw",
									"raw": "{\r\n    \"startup\": {\r\n        \"status\": 5\r\n    }\r\n}"
								},
								"url": {
									"raw": "localhost:3000/api/startups/admin/updateStartup/62c1b491448d2c7e63601bce",
									"host": [
										"localhost"
									],
									"port": "3000",
									"path": [
										"api",
										"startups",
										"admin",
										"updateStartup",
										"62c1b491448d2c7e63601bce"
									]
								}
							},
							"response": []
						},
						{
							"name": "Delete Startup",
							"request": {
								"method": "DELETE",
								"header": [],
								"url": {
									"raw": "localhost:3000/api/startups/admin/deleteStartup/62c1b491448d2c7e63601bce",
									"host": [
										"localhost"
									],
									"port": "3000",
									"path": [
										"api",
										"startups",
										"admin",
										"deleteStartup",
										"62c1b491448d2c7e63601bce"
									]
								}
							},
							"response": []
						}
					]
				},
				{
					"name": "Public",
					"item": [
						{
							"name": "Get Startups",
							"request": {
								"method": "GET",
								"header": [],
								"url": {
									"raw": "localhost:3000/api/startups/getStartups",
									"host": [
										"localhost"
									],
									"port": "3000",
									"path": [
										"api",
										"startups",
										"getStartups"
									]
								}
							},
							"response": []
						}
					]
				},
				{
					"name": "User",
					"item": [
						{
							"name": "Create Startup",
							"request": {
								"method": "POST",
								"header": [],
								"body": {
									"mode": "raw",
									"raw": "{\r\n    \"startup\": {\r\n        \"firstName\": \"Tayab\",\r\n        \"lastName\": \"Jamil\",\r\n        \"companyName\": \"XYZ Corp\",\r\n        \"email\": \"tayabjamil4555gmail.com\",\r\n        \"phoneNumber\": \"034096014444\",\r\n        \"websiteUrl\": \"na.com\",\r\n        \"investmentTiers\": [\r\n            {\r\n                \"name\": \"minute\",\r\n                \"amount\": 100\r\n            },\r\n            {\r\n                \"name\": \"standard\",\r\n                \"amount\": 275\r\n            },\r\n            {\r\n                \"name\": \"elite\",\r\n                \"amount\": 1000\r\n            }\r\n        ]\r\n    }\r\n}",
									"options": {
										"raw": {
											"language": "json"
										}
									}
								},
								"url": {
									"raw": "localhost:3000/api/startups/user/createStartup",
									"host": [
										"localhost"
									],
									"port": "3000",
									"path": [
										"api",
										"startups",
										"user",
										"createStartup"
									]
								}
							},
							"response": []
						},
						{
							"name": "Get Startups",
							"request": {
								"method": "GET",
								"header": [],
								"url": {
									"raw": "localhost:3000/api/startups/user/getStartups",
									"host": [
										"localhost"
									],
									"port": "3000",
									"path": [
										"api",
										"startups",
										"user",
										"getStartups"
									]
								}
							},
							"response": []
						},
						{
							"name": "Submit Legal Documents",
							"request": {
								"method": "PUT",
								"header": [],
								"body": {
									"mode": "raw",
									"raw": "{\r\n    \"legalDocumentUrls\": [\r\n        \"https://cdn.discordapp.com/attachments/439544605931864064/993144828101660792/unknown.png\"\r\n    ]\r\n}",
									"options": {
										"raw": {
											"language": "json"
										}
									}
								},
								"url": {
									"raw": "localhost:3000/api/startups/user/submitLegalDocuments/62c1bc4e01165356629443c0",
									"host": [
										"localhost"
									],
									"port": "3000",
									"path": [
										"api",
										"startups",
										"user",
										"submitLegalDocuments",
										"62c1bc4e01165356629443c0"
									]
								}
							},
							"response": []
						},
						{
							"name": "Delete Startup",
							"request": {
								"method": "DELETE",
								"header": [],
								"url": {
									"raw": "localhost:3000/api/startups/user/deleteStartup/62c1bc4e01165356629443c0",
									"host": [
										"localhost"
									],
									"port": "3000",
									"path": [
										"api",
										"startups",
										"user",
										"deleteStartup",
										"62c1bc4e01165356629443c0"
									]
								}
							},
							"response": []
						},
						{
							"name": "Create Investment",
							"request": {
								"method": "POST",
								"header": [],
								"body": {
									"mode": "raw",
									"raw": "{\r\n    \"tierIndex\": 0\r\n}",
									"options": {
										"raw": {
											"language": "json"
										}
									}
								},
								"url": {
									"raw": "localhost:3000/api/startups/user/createInvestment/62c2a3d64ca0c23eae8a6eb5",
									"host": [
										"localhost"
									],
									"port": "3000",
									"path": [
										"api",
										"startups",
										"user",
										"createInvestment",
										"62c2a3d64ca0c23eae8a6eb5"
									]
								}
							},
							"response": []
						},
						{
							"name": "Set Investment Status",
							"request": {
								"method": "PUT",
								"header": [],
								"body": {
									"mode": "raw",
									"raw": "{\r\n    \"status\": 1\r\n}",
									"options": {
										"raw": {
											"language": "json"
										}
									}
								},
								"url": {
									"raw": "localhost:3000/api/startups/user/setInvestmentStatus/62c2a774f3b32d311572c8ed",
									"host": [
										"localhost"
									],
									"port": "3000",
									"path": [
										"api",
										"startups",
										"user",
										"setInvestmentStatus",
										"62c2a774f3b32d311572c8ed"
									]
								}
							},
							"response": []
						},
						{
							"name": "Get Investments",
							"request": {
								"method": "GET",
								"header": [],
								"url": {
									"raw": "localhost:3000/api/startups/user/getIncomingInvestments?startupId=62c2a3d64ca0c23eae8a6eb5",
									"host": [
										"localhost"
									],
									"port": "3000",
									"path": [
										"api",
										"startups",
										"user",
										"getIncomingInvestments"
									],
									"query": [
										{
											"key": "startupId",
											"value": "62c2a3d64ca0c23eae8a6eb5"
										}
									]
								}
							},
							"response": []
						}
					]
				}
			]
		},
		{
			"name": "File Upload",
			"item": [
				{
					"name": "Upload File",
					"request": {
						"auth": {
							"type": "bearer",
							"bearer": [
								{
									"key": "token",
									"value": "eyJhbGciOiJIUzI1NiIsInR5cCI6IkpXVCJ9.eyJ1c2VySWQiOiI2MmMxNjk2YTQyZmI4YWIwODIyOWI0NWQiLCJpYXQiOjE2NTY4NDI2MzV9.qwzVL4dafFHx6RNiwIH6KpfKulLeMldbTlKUuIdopZc",
									"type": "string"
								}
							]
						},
						"method": "POST",
						"header": [],
						"body": {
							"mode": "formdata",
							"formdata": [
								{
									"key": "files",
									"type": "file",
									"src": "/C:/Users/geoaeiou/Documents/port1.txt"
								}
							]
						},
						"url": {
							"raw": "localhost:3000/api/fileUpload/upload",
							"host": [
								"localhost"
							],
							"port": "3000",
							"path": [
								"api",
								"fileUpload",
								"upload"
							]
						}
					},
					"response": []
				}
			]
		}
	],
	"auth": {
		"type": "bearer",
		"bearer": [
			{
				"key": "token",
				"value": "eyJhbGciOiJIUzI1NiIsInR5cCI6IkpXVCJ9.eyJ1c2VySWQiOiI2MmMxZDNlM2JkMDA0YTcwNmYwMzZlNzgiLCJpYXQiOjE2NTY5MjA4MTh9.7KWTFXh6P7EU6eU0UH_MlmY7_s2DpFdWH5NkGC3N_7k",
				"type": "string"
			}
		]
	},
	"event": [
		{
			"listen": "prerequest",
			"script": {
				"type": "text/javascript",
				"exec": [
					""
				]
			}
		},
		{
			"listen": "test",
			"script": {
				"type": "text/javascript",
				"exec": [
					""
				]
			}
		}
	]
}